{"cameraMode":{"drawMode":0,"name":"Shaded","section":"Shading Mode"},"sceneLighting":false,"audioPlay":false,"sceneViewState":{"m_AlwaysRefresh":false,"showFog":true,"showSkybox":false,"showFlares":true,"showImageEffects":true,"showParticleSystems":true,"showVisualEffectGraphs":true,"m_FxEnabled":true},"in2DMode":false,"pivot":{"x":-0.09749583899974823,"y":0.06644569337368012,"z":-0.0007654959335923195},"rotation":{"x":-0.06708896905183792,"y":0.9316561818122864,"z":-0.27630382776260378,"w":-0.2262142300605774},"size":0.13449397683143617,"orthographic":false}