{"cameraMode":{"drawMode":0,"name":"Shaded","section":"Shading Mode"},"sceneLighting":false,"audioPlay":false,"sceneViewState":{"m_AlwaysRefresh":false,"showFog":true,"showSkybox":false,"showFlares":true,"showImageEffects":true,"showParticleSystems":true,"showVisualEffectGraphs":true,"m_FxEnabled":true},"in2DMode":false,"pivot":{"x":0.865241527557373,"y":0.07323106378316879,"z":-1.5071024894714356},"rotation":{"x":-0.06708896905183792,"y":0.9316561818122864,"z":-0.27630382776260378,"w":-0.2262142300605774},"size":0.28299158811569216,"orthographic":false}