{"cameraMode":{"drawMode":0,"name":"Shaded","section":"Shading Mode"},"sceneLighting":false,"audioPlay":false,"sceneViewState":{"m_AlwaysRefresh":false,"showFog":true,"showSkybox":false,"showFlares":true,"showImageEffects":true,"showParticleSystems":true,"showVisualEffectGraphs":true,"m_FxEnabled":true},"in2DMode":false,"pivot":{"x":4.088708400726318,"y":0.16174715757369996,"z":0.5678071975708008},"rotation":{"x":0.6532131433486939,"y":-0.010220842435956002,"z":0.00881895236670971,"w":0.7570547461509705},"size":0.2700754404067993,"orthographic":false}