{"cameraMode":{"drawMode":0,"name":"Shaded","section":"Shading Mode"},"sceneLighting":false,"audioPlay":false,"sceneViewState":{"m_AlwaysRefresh":false,"showFog":true,"showSkybox":false,"showFlares":true,"showImageEffects":true,"showParticleSystems":true,"showVisualEffectGraphs":true,"m_FxEnabled":true},"in2DMode":false,"pivot":{"x":2.2441763877868654,"y":0.14771252870559693,"z":2.0817947387695314},"rotation":{"x":-0.06708896905183792,"y":0.9316561818122864,"z":-0.27630382776260378,"w":-0.2262142300605774},"size":0.4102354645729065,"orthographic":false}