{"cameraMode":{"drawMode":0,"name":"Shaded","section":"Shading Mode"},"sceneLighting":false,"audioPlay":false,"sceneViewState":{"m_AlwaysRefresh":false,"showFog":true,"showSkybox":false,"showFlares":true,"showImageEffects":true,"showParticleSystems":true,"showVisualEffectGraphs":true,"m_FxEnabled":true},"in2DMode":false,"pivot":{"x":0.9612929821014404,"y":-0.049269527196884158,"z":0.25615382194519045},"rotation":{"x":0.42758694291114809,"y":0.01627005636692047,"z":-0.007697408553212881,"w":0.9037953019142151},"size":2.2668538093566896,"orthographic":false}