{"cameraMode":{"drawMode":0,"name":"Shaded","section":"Shading Mode"},"sceneLighting":false,"audioPlay":false,"sceneViewState":{"m_AlwaysRefresh":false,"showFog":true,"showSkybox":false,"showFlares":true,"showImageEffects":true,"showParticleSystems":true,"showVisualEffectGraphs":true,"m_FxEnabled":true},"in2DMode":false,"pivot":{"x":-0.14849288761615754,"y":0.06804334372282028,"z":-0.0007741767913103104},"rotation":{"x":-0.06708896905183792,"y":0.9316561818122864,"z":-0.27630382776260378,"w":-0.2262142300605774},"size":0.17755505442619325,"orthographic":false}