{"cameraMode":{"drawMode":0,"name":"Shaded","section":"Shading Mode"},"sceneLighting":true,"audioPlay":false,"sceneViewState":{"m_AlwaysRefresh":false,"showFog":true,"showSkybox":true,"showFlares":true,"showImageEffects":true,"showParticleSystems":true,"showVisualEffectGraphs":true,"m_FxEnabled":true},"in2DMode":false,"pivot":{"x":-0.3719964921474457,"y":0.5360851287841797,"z":6.1555867195129398},"rotation":{"x":0.1473516970872879,"y":0.010385192930698395,"z":-0.0015473910607397557,"w":0.9890294075012207},"size":6.052874565124512,"orthographic":false}