{"cameraMode":{"drawMode":0,"name":"Shaded","section":"Shading Mode"},"sceneLighting":false,"audioPlay":false,"sceneViewState":{"m_AlwaysRefresh":false,"showFog":true,"showSkybox":false,"showFlares":true,"showImageEffects":true,"showParticleSystems":true,"showVisualEffectGraphs":true,"m_FxEnabled":true},"in2DMode":false,"pivot":{"x":4.579999923706055,"y":0.5929385423660278,"z":0.09209369868040085},"rotation":{"x":0.42758694291114809,"y":0.01627005636692047,"z":-0.007697408553212881,"w":0.9037953019142151},"size":0.4198349714279175,"orthographic":false}